participantId,n_trials
TT003_1781876158739,12
TT005_1781805080365,12
TT014_1781835495324,12
TT021_1781967893349,12
TT023_1781716522115,12
TT023_1781740093391,12
TT023_1781877206849,12
TT024_1781742903015,12
TT026_1781973377308,12
TT030_1781956883477,12
TT032_1781715689579,12
TT033_1781738500793,12
TT051_1781734073253,12
TT052_1781719483230,12
TT055_1781718622354,12
TT057_1781798709972,12
TT059_1781797634811,12
TT059_1781829664668,12
TT071_1781905409601,12
TT073_1781970589718,12
TT074_1781804488038,12
TT076_1781734793897,12
TT081_1781833774992,12
TT088_1781739981367,12
TT094_1781719118831,12
TT097_1781789283309,12
TT098_1781819399358,12
TT098_1781885781111,12
TT100_1781886636721,12
