participantId,n_trials
TT095_1782425269794,8
TT062_1782438070117,11
TT002_1783036107525,12
TT002_1783660225682,12
TT003_1781876158739,12
TT003_1783276327793,12
TT004_1783531610408,12
TT005_1781805080365,12
TT005_1782222533582,12
TT006_1782145862602,12
TT007_1782504008463,12
TT008_1783367663960,12
TT009_1782513683179,12
TT014_1781835495324,12
TT015_1783023547568,12
TT018_1782761382358,12
TT020_1782179445272,12
TT020_1783200401617,12
TT021_1781967893349,12
TT023_1781716522115,12
TT023_1781740093391,12
TT023_1781877206849,12
TT023_1783367000307,12
TT024_1781742903015,12
TT024_1782001172253,12
TT025_1782049334661,12
TT026_1781973377308,12
TT026_1782513261762,12
TT027_1783436678833,12
TT028_1782238939541,12
TT028_1782761768628,12
TT028_1783544364653,12
TT030_1781956883477,12
TT030_1782166730391,12
TT031_1782064484090,12
TT031_1783277994812,12
TT032_1781715689579,12
TT032_1783174905305,12
TT033_1781738500793,12
TT036_1782163423431,12
TT036_1782594734016,12
TT037_1782003025953,12
TT038_1783001905805,12
TT038_1783285779778,12
TT040_1781993137159,12
TT040_1782232257182,12
TT043_1782760016517,12
TT045_1782502684181,12
TT047_1782245917301,12
TT047_1783527566133,12
TT048_1783098256675,12
TT048_1783376664157,12
TT049_1782164415760,12
TT051_1781734073253,12
TT051_1782682822350,12
TT052_1781719483230,12
TT052_1782833886614,12
TT053_1782647688805,12
TT054_1782052225958,12
TT054_1782318541674,12
TT054_1783172779527,12
TT055_1781718622354,12
TT056_1783201470796,12
TT057_1781798709972,12
TT057_1782179533945,12
TT059_1781797634811,12
TT059_1781829664668,12
TT059_1782780120849,12
TT060_1782161192818,12
TT060_1782174130013,12
TT061_1782573741330,12
TT062_1782343308733,12
TT063_1783095012390,12
TT064_1782491874816,12
TT065_1782051784543,12
TT065_1782393874998,12
TT069_1783100190815,12
TT070_1782579104833,12
TT071_1781905409601,12
TT071_1782297949946,12
TT073_1781970589718,12
TT073_1782589793705,12
TT073_1783346232390,12
TT074_1781804488038,12
TT075_1783367533391,12
TT076_1781734793897,12
TT077_1782229399324,12
TT081_1781833774992,12
TT083_1782904190648,12
TT084_1783452047311,12
TT086_1782951050349,12
TT087_1782243522990,12
TT088_1781739981367,12
TT088_1782352905990,12
TT088_1783353983337,12
TT089_1782853535882,12
TT091_1783199020454,12
TT091_1783605208290,12
TT092_1782062165784,12
TT093_1782146028308,12
TT093_1783090754524,12
TT093_1783283180623,12
TT094_1781719118831,12
TT094_1782500498851,12
TT094_1783365963313,12
TT094_1783443706310,12
TT097_1781789283309,12
TT098_1781819399358,12
TT098_1781885781111,12
TT098_1781998891844,12
TT100_1781886636721,12
